ID,escaneado,fonte,Ano,Decada,Condenação,Multa,TC,Relevante,Limítrofe,Motivo,
IA-2005-09,Não,ESJ,2005,2000,Sim,Sim,,Não,Não,4,
RJ-2013-07589,Não,ESJ,2013,2010,Não,Não,,Não,Não,5,
19957-007012-2016-60,Não,PCTC,2016,2010,,,Sim,Não,Não,3,
RJ-2002-06413,Não,ESJ,2002,2000,Sim,Não,,Não,Não,3,
RJ-2003-05596,Não,ESJ,2003,2000,Sim,Não,,Não,Não,3,
IA-2013-01,Não,ESJ,2013,2010,Sim,Não,,Sim,Sim,7,
SP-2004-00193,Não,ESJ,2004,2000,Sim,Sim,,Não,Não,4,
SP-2010-00001,Não,ESJ,2010,2010,Sim,Sim,,Não,Não,7,
IA-1999-30,Não,ESJ,1999,1990,Sim,Sim,,Sim,Sim,7,Empresa de capital fechado
RJ-2012-07880,Não,ESJ,2012,2010,Sim,Sim,,Sim,Não,4,
19957-008074-2016-99,Não,PCTC,2016,2010,,,Sim,Sim,Não,"2, 8",
19957-008667-2020-31,Não,PCTC,2020,2020,,,Sim,Sim,Não,1,
SP-2012-00402,Não,ESJ,2012,2010,Sim,Sim,,Não,Não,7,
RJ-2009-02718,Não,PCTC,2009,2000,,,Sim,Não,Não,1,
RJ-2010-09078,Não,ESJ,2010,2010,Não,Não,,Sim,Não,"2, 9",
RJ-2005-05508,Não,ESJ,2005,2000,Sim,Sim,,Não,Sim,7,"Infração administrativa, mas que não afetou minoritários"
19957-002404-2017-13,Não,ESJ,2017,2010,Não,Não,,Não,Não,"2, 8",
IA-2001-16,Não,PCTC,2001,2000,Não,Não,,Não,Não,9,
RJ-2012-07867,Não,PCTC,2012,2010,,,Sim,Não,Sim,1,"Não divulgação de fato relevante que prejudica as decisões de investimento do minoritário, mas a condenada é a controladora  (que é PJ)."
RJ-2007-04685,Não,ESJ,2007,2000,Sim,Não,,Não,Não,8,
19957-006688-2016-36,Não,ESJ,2016,2010,Sim,Sim,,Não,Não,3,
RJ-2011-03665,Não,ESJ,2011,2010,Sim,Sim,,Sim,Não,"3, 4",
19957-009190-2018-97,Não,PCTC,2018,2010,Sim,Sim,,Sim,Sim,4,Membro do conselho de administração comprou ações da companhia e lucrou 88 reais
RJ-2006-01621,Não,ESJ,2006,2000,Sim,Sim,,Não,Sim,10,
19957-006137-2020-59,Não,PCTC,2020,2020,,,Sim,Sim,Sim,1,"Não divulgação de fato relevante em meio a oscilação atípica de ações da empresa, mas sem vantagens pecuniárias."
RJ-2009-04747,Não,PCTC,2009,2000,,,Sim,Sim,Sim,1,"Não divulgação de fato relevante em meio a oscilação atípica de ações da empresa, mas sem vantagens pecuniárias."
19957-005414-2020-14,Não,PCTC,2020,2020,,,Sim,Sim,Sim,1,"Não divulgação de fato relevante em meio a oscilação atípica de ações da empresa, mas sem vantagens pecuniárias."
19957-009371-2019-02,Não,ESJ,2019,2010,Sim,Sim,,Sim,Não,5,
IA-2004-03,Não,ESJ,2004,2000,Sim,Não,,Sim,Não,"2, 10",
RJ-2005-05222,Não,ESJ,2005,2000,Sim,Sim,,Não,Não,10,
19957-009292-2017-21,Não,PCTC,2017,2010,,,Sim,Sim,Sim,1,"Nenhum dos membros foi beneficiado pelos cometários no balanço, mas os acionistas perderam dinheiro pois foram levados a superestimar o lucro da empresa."
RJ-2001-06226,Não,ESJ,2001,2000,Sim,Não,,Não,Não,9,
RJ-2006-08205,Não,PCTC,2006,2000,,,Sim,Não,Não,2,
SP-2005-00339,Não,PCTC,2005,2000,,,Sim,Não,Não,7,
SP-2003-00314,Não,ESJ,2003,2000,Sim,Sim,,Não,Não,"2, 11",
RJ-2011-11073,Não,ESJ,2011,2010,Sim,Sim,,Sim,Não,"5, 7, 10",
19957-001483-2018-26,Não,PCTC,2018,2010,,,Sim,Não,Não,"2, 3",
RJ-2013-02270,Não,PCTC,2013,2010,,,Sim,Sim,Não,4,
RJ-2013-05657,Não,PCTC,2013,2010,,,Sim,Sim,Sim,1,"Não divulgação de fato relevante, sem que houvesse grandes oscilações no preço das ações e sem que houvesse ganhos para o compromitente."
19957-009351-2017-61,Não,ESJ,2017,2010,Sim,Sim,,Não,Não,"2, 7, 9",
IA-2008-03,Não,ESJ,2008,2000,Não,Não,,Sim,Sim,5,
IA-1999-17,Não,ESJ,1999,1990,Sim,Sim,,Não,Não,"2, 7, 9",
RJ-2005-09152,Não,ESJ,2005,2000,Não,Não,,Não,Não,"2, 3",
RJ-2008-08046,Não,ESJ,2008,2000,Sim,Sim,,Sim,Não,11,
19957-008545-2019-10,Não,PCTC,2019,2010,,,Sim,Sim,Não,4,
RJ-2011-07940,Não,PCTC,2011,2010,,,Sim,Não,Não,8,"Infração administrativa, mas que não afetou minoritários"
19957-005425-2021-77,Não,PCTC,2021,2020,,,Sim,Sim,Sim,1,"Não divulgação de fato relevante em que o diretor da companhia não obteve benefícios, mas os acionistas podem estar prejudicados pela falta de informações"
19957-002482-2021-69,Não,ESJ,2021,2020,Sim,Sim,,Não,Não,"2, 5",Auditor não registrado na CVM.
19957-001392-2020-13,Não,PCTC,2020,2020,,,Sim,Sim,Sim,1,"Divulgação errônea de fato relevante em que o diretor da companhia não obteve benefícios, mas os acionistas podem estar prejudicados pela falta de informações"
19957-002237-2020-14,Não,PCTC,2020,2020,,,Sim,Não,Não,"2, 4",
RJ-2001-08023,Não,ESJ,2001,2000,Sim,Sim,,Sim,Não,"2, 5",É uma SA de capital fechado
19957-001002-2021-88,Não,PCTC,2021,2020,,,Sim,Sim,Sim,1,"Não divulgação de fato relevante em que o diretor da companhia não obteve benefícios, mas os acionistas podem estar prejudicados pela falta de informações"
19957-012142-2023-43,Não,PCTC,2023,2020,,,Sim,Sim,Não,4,"Investigação de insider trading, mas o compromitente perdeu ao invés de ganhar – negociação em período vedado"
RJ-2004-01844,Não,ESJ,2004,2000,Não,Não,,Não,Não,12,
19957-004852-2019-13,Não,ESJ,2019,2010,Sim,Sim,,Não,Não,"9, 11",
RJ-2013-08697,Não,ESJ,2013,2010,,,,,,,O relatório não está disponível.
RJ-2006-05853,Não,ESJ,2006,2000,Não,Não,,Não,Não,3,
RJ-2011-05748,Não,PCTC,2011,2010,,,Sim,Não,Não,4,
19957-010391-2017-56,Não,ESJ,2017,2010,Sim,Sim,,Não,Não,4,
19957-005419-2018-14,Não,PCTC,2018,2010,,,Sim,Sim,Sim,1,"Divulgação errônea de fato relevante em que o diretor da companhia não obteve benefícios, mas os acionistas podem estar prejudicados pela falta de informações"
RJ-2005-05038,Não,ESJ,2005,2000,Sim,Sim,,Não,Não,4,
19957-000589-2022-99,Não,PCTC,2022,2020,,,Sim,Sim,Sim,1,"Divulgação errônea de fato relevante em que o diretor da companhia não obteve benefícios, mas os acionistas podem estar prejudicados pela falta de informações. "
19957-006019-2018-26,Não,ESJ,2018,2010,Sim,Sim,,Não,Não,9,
RJ-2006-05928,Não,ESJ,2006,2000,Sim,Não,,Sim,Sim,1,"Divulgação errônea de fato relevante em que o diretor da companhia não obteve benefícios, mas os acionistas podem estar prejudicados pela falta de informações"
RJ-2013-09762,Não,ESJ,2013,2010,Sim,Sim,,Não,Não,2,
19957-004986-2019-34,Não,ESJ,2019,2010,Sim,Sim,,Sim,Sim,,"Divulgação errônea de fato relevante em que o diretor da companhia não obteve benefícios, mas os acionistas podem estar prejudicados pela falta de informações – empresa em falência"
IA-1997-03,Não,ESJ,1997,1990,Sim,Não,,Sim,Sim,1,"Falsificações contábeis (não foram atrasos, as contas estavam fraudadas) feitas pelos administradores."
IA-2000-32,Não,ESJ,2000,2000,Sim,Não,,Não,Sim,13,Sócio da auditoria atuava como conselheiro fiscal da empresa que foi auditada.
RJ-2008-08243,Não,PCTC,2008,2000,,,Sim,Não,Não,"4, 7",
RJ-2015-01823,Não,ESJ,2015,2010,Sim,Sim,,Sim,Sim,1,"Erros contábeis, que podem prejudicar a tomada de decisões do acionista minoritário, mas os controladores não tiveram ganho direto."
19957-006367-2021-07,Não,PCTC,2021,2020,,,Sim,Sim,Não,4,
IA-2014-04,Não,PCTC,2014,2010,,,Sim,Não,Não,"2, 3, 11",
IA-2007-03,Não,ESJ,2007,2000,Sim,Não,,Sim,Sim,"2, 5, 7, 8","Conflito de interesses envolvendo operações com partes relacionadas, mas a grande imputação jurídica é quebra do dever de diligência. Obviamente é um caso claro de expropriação, mas na ementa e no processo o que puniu os acusados foi a quebra no dever de diligência."
RJ-2006-03139,Não,ESJ,2006,2000,Não,Não,,Sim,Sim,1,"Falou durante período vedado (oferta pública), mas não fez trade em cima disso."
19957-001970-2021-94,Não,PCTC,2021,2020,,,Sim,Sim,Sim,4,"Negociação de ações da empresa por parte do administrador durante período vedado, antes da divulgação das Dfs."
19957-005981-2016-86,Não,ESJ,2016,2010,Não,Não,,Sim,Sim,9,"Menciona a violação dos direitos dos minoritários em uma subscrição, mas os acusados são punidos por descumprimento do dever de diligência."
19957-001482-2020-04,Não,ESJ,2020,2020,Sim,Sim,,Não,Não,"2, 3, 9",
RJ-2013-10579,Não,PCTC,2013,2010,,,Sim,Sim,Sim,1,"Não divulgação de fato relevante em que o diretor da companhia não obteve benefícios, mas os acionistas podem estar prejudicados pela falta de informações"
RJ-2008-04842,Não,ESJ,2008,2000,Sim,Sim,,Não,Sim,"8, 10","Os minoritários não perderam dinheiro, mas os administradores cometeram erros que podem ter atrapalhado o seu julgamento. Informacional."
IA-2003-12,Não,PCTC,2003,2000,,,Sim,Não,Não,3,
RJ-2008-01766,Não,ESJ,2008,2000,Sim,Sim,,Não,Sim,8,"Superestimaram os ativos nas Dfs. Mais uma vez, pode ser considerado uma expropriação “informacional”, mas em tese os diretores não embolsaram nada diretamente com isso."
19957-004318-2023-93,Não,PCTC,2023,2020,,,Sim,Sim,Sim,1,Americanas ia ter aumento de capital e não divulgou fato relevante. CVM teve que cobrar para que eles divulgassem.. Saiu na mídia e preço das ações oscilaram muito. ASSIMETRIA DE INFORMAÇÃO.
19957-006319-2021-19,Não,PCTC,2021,2020,,,Sim,Sim,Sim,1,Não divulgação de fato relevante sobre mudança na política de preços da Petrobras. Assimetria informacional.
RJ-2006-07655,Não,ESJ,2006,2000,Sim,Não,,Não,Não,4,
19957-010193-2019-54,Não,ESJ,2019,2010,Não,Não,,Sim,Não,"7, 8",Corrpução. Subornaram um militar de outro país para que ele comprasse da Embraer. Problema: isso é uma exporpriação de minoritários? O valor da empresa não aumentaria? Isso obviamente é um caso de corrupção.
RJ-2001-12130,Não,PCTC,2001,2000,,,Sim,Sim,Não,5,"Na AGO, um controlador agiu para eleger um membro d Conselho Fiscal que cabia aos minoritários."
RJ-2015-08456,Não,ESJ,2015,2010,Sim,Sim,,Não,Sim,"8, 10","Os minoritários não perderam dinheiro, mas os administradores cometeram erros que podem ter atrapalhado o seu julgamento. Informacional."
RJ-2013-04966,Não,PCTC,2013,2010,,,Sim,Não,Não,9,
RJ-2010-01088,Não,ESJ,2010,2010,Sim,Sim,,Não,Não,3,
RJ-2002-00445,Não,ESJ,2002,2000,Sim,Sim,,Não,Sim,13,É um caso claríssimo de expropriação (transação com partes relacionadas). O problema é que o julgamento está registrando como acusados os auditores que não acusaram isso.
RJ-2006-05905,Não,PCTC,2006,2000,,,Sim,Não,Sim,8,Outro caso de publicação atrasada de balanço.
19957-006364-2017-89,Sim,ESJ,2017,2010,,,,,,,Escaneado
SP-2002-00564,Não,ESJ,2002,2000,Sim,Sim,,Não,Não,"7, 9","Corretora usou ordem de cliente para lucrar em cima dela, ferindo equidade de mercado."
RJ-2012-09557,Não,PCTC,2012,2010,,,Sim,Não,Sim,13,"Obviamente está sendo julgado a responsabilidade de uma auditoria. Problema: ela estava escondendo que a empresa ia falir. Isso obviamente prejudica minoritários, mas a acusada é apenas a auditoria."
SP-2004-00113,Não,ESJ,2004,2000,Sim,Sim,,Não,Não,"7, 11",
19957-009721-2017-61,Não,PCTC,2017,2010,,,Sim,Não,Não,4,
RJ-2015-03387,Não,ESJ,2015,2010,Sim,Sim,,Não,Sim,8,Não publicação de DF.
19957-007607-2022-63,Não,PCTC,2022,2020,,,Sim,Não,Não,4,
19957-004666-2017-12,Não,PCTC,2017,2010,,,Sim,Não,Não,4,
RJ-2011-08580,Não,PCTC,2011,2010,,,Sim,Sim,Sim,1,
RJ-2016-08134,Não,PCTC,2016,2010,47,36,40,42,37,,
19957-008609-2024-31,Não,PCTC,2024,2020,11,22,0,56,61,,
19957-004559-2020-90,Não,PCTC,2020,2020,,,,,,,
19957-010281-2019-56,Sim,ESJ,2019,2010,,,,,,,
19957-010956-2019-67,Não,ESJ,2019,2010,,,,,,,
RJ-2008-04875,Não,PCTC,2008,2000,,,,,,,
RJ-2013-06294,Não,ESJ,2013,2010,,,,,,,
19957-009683-2019-16,Não,ESJ,2019,2010,,,,,,,
19957-004392-2020-67,Não,ESJ,2020,2020,,,,,,,
19957-007432-2020-22,Não,PCTC,2020,2020,,,,,,,
RJ-2014-05478,Não,PCTC,2014,2010,,,,,,,
SP-2005-00188,Não,ESJ,2005,2000,,,,,,,
IA-2005-08,Sim,ESJ,2005,2000,,,,,,,
RJ-2005-06729,Não,PCTC,2005,2000,,,,,,,
RJ-2014-14465,Não,PCTC,2014,2010,,,,,,,
RJ-2009-03823,Não,ESJ,2009,2000,,,,,,,
RJ-2010-16893,Não,ESJ,2010,2010,,,,,,,
RJ-2007-08684,Não,PCTC,2007,2000,,,,,,,
RJ-2007-04476,Não,ESJ,2007,2000,,,,,,,
RJ-2016-04728,Não,PCTC,2016,2010,,,,,,,
RJ-2005-03711,Não,ESJ,2005,2000,,,,,,,
19957-003834-2015-91,Sim,ESJ,2015,2010,,,,,,,
RJ-2012-04734,Não,PCTC,2012,2010,,,,,,,
SP-2013-00260,Não,PCTC,2013,2010,,,,,,,
IA-2010-26,Não,PCTC,2010,2010,,,,,,,
RJ-2001-08739,Não,ESJ,2001,2000,,,,,,,
19957-006551-2020-68,Não,PCTC,2020,2020,,,,,,,
IA-2008-09,Não,PCTC,2008,2000,,,,,,,
RJ-2001-07557,Não,ESJ,2001,2000,,,,,,,
RJ-2010-01144,Não,PCTC,2010,2010,,,,,,,
19957-008298-2023-20,Não,PCTC,2023,2020,,,,,,,
RJ-2009-04096,Não,PCTC,2009,2000,,,,,,,
IA-1995-03,Não,ESJ,1995,1990,,,,,,,
RJ-2013-06059,Não,PCTC,2013,2010,,,,,,,
19957-008657-2020-04,Não,ESJ,2020,2020,,,,,,,
RJ-2005-00305,Não,ESJ,2005,2000,,,,,,,
RJ-2005-07025,Não,ESJ,2005,2000,,,,,,,
19957-005332-2018-47,Não,PCTC,2018,2010,,,,,,,
19957-007486-2018-73,Não,PCTC,2018,2010,,,,,,,
RJ-2013-05793,Não,ESJ,2013,2010,,,,,,,
SP-2007-00033,Não,ESJ,2007,2000,,,,,,,
RJ-2010-09129,Não,ESJ,2010,2010,,,,,,,
19957-009292-2017-21,Não,PCTC,2017,2010,,,,,,,
RJ-2015-10367,Não,ESJ,2015,2010,,,,,,,
RJ-2007-03084,Não,PCTC,2007,2000,,,,,,,
RJ-2012-13953,Não,PCTC,2012,2010,,,,,,,
19957-002344-2021-15,Não,ESJ,2021,2020,,,,,,,
RJ-2007-10843,Não,ESJ,2007,2000,,,,,,,
RJ-2012-11002,Não,ESJ,2012,2010,,,,,,,
19957-010833-2018-45,Não,ESJ,2018,2010,,,,,,,
IA-2006-14,Não,PCTC,2006,2000,,,,,,,
19957-010191-2018-84,Não,PCTC,2018,2010,,,,,,,
19957-002595-2017-13,Não,PCTC,2017,2010,,,,,,,
RJ-2009-03792,Não,ESJ,2009,2000,,,,,,,
19957-006242-2018-73,Não,ESJ,2018,2010,,,,,,,
IA-2000-04,Não,ESJ,2000,2000,,,,,,,
19957-007273-2022-28,Não,PCTC,2022,2020,,,,,,,
19957-004416-2016-00,Não,ESJ,2016,2010,,,,,,,
RJ-2006-05908,Não,PCTC,2006,2000,,,,,,,
19957-002172-2017-01,Não,PCTC,2017,2010,,,,,,,
19957-007335-2023-82,Não,PCTC,2023,2020,,,,,,,
IA-2011-02,Não,ESJ,2011,2010,,,,,,,
19957-004339-2023-17,Não,PCTC,2023,2020,,,,,,,
IA-2001-17,Não,ESJ,2001,2000,,,,,,,
19957-005641-2018-17,Não,PCTC,2018,2010,,,,,,,
RJ-2015-10276,Não,ESJ,2015,2010,,,,,,,
IA-2009-08,Não,ESJ,2009,2000,,,,,,,
IA-1999-28,Não,ESJ,1999,1990,,,,,,,
RJ-2006-01512,Não,PCTC,2006,2000,,,,,,,
RJ-2005-09245,Não,ESJ,2005,2000,,,,,,,
SP-2010-00186,Não,ESJ,2010,2010,,,,,,,
IA-1999-27,Não,ESJ,1999,1990,,,,,,,
19957-003801-2018-93,Não,PCTC,2018,2010,,,,,,,
19957-006371-2021-67,Não,PCTC,2021,2020,,,,,,,
19957-012388-2023-15,Não,PCTC,2023,2020,,,,,,,
RJ-2012-11199,Não,PCTC,2012,2010,,,,,,,
19957-009592-2017-19,Não,ESJ,2017,2010,,,,,,,
19957-007123-2020-52,Não,PCTC,2020,2020,,,,,,,
IA-2000-02,Não,ESJ,2000,2000,,,,,,,
RJ-2013-13151,Não,ESJ,2013,2010,,,,,,,
RJ-2001-04619,Não,PCTC,2001,2000,,,,,,,
RJ-2007-10681,Não,PCTC,2007,2000,,,,,,,
SP-2013-00094,Não,ESJ,2013,2010,,,,,,,
IA-2004-24,Não,ESJ,2004,2000,,,,,,,
RJ-2003-12818,Não,ESJ,2003,2000,,,,,,,
19957-005536-2017-05,Não,PCTC,2017,2010,,,,,,,
IA-2004-10,Não,PCTC,2004,2000,,,,,,,
RJ-2007-14153,Não,PCTC,2007,2000,,,,,,,
RJ-2007-12231,Não,PCTC,2007,2000,,,,,,,
19957-000861-2019-35,Não,PCTC,2019,2010,,,,,,,
RJ-2005-05204,Não,ESJ,2005,2000,,,,,,,
RJ-2010-14407,Não,ESJ,2010,2010,,,,,,,
RJ-2013-06635,Não,ESJ,2013,2010,,,,,,,
RJ-2005-09823,Não,ESJ,2005,2000,,,,,,,
IA-2004-14,Não,ESJ,2004,2000,,,,,,,
RJ-2003-05753,Não,ESJ,2003,2000,,,,,,,
19957-006548-2019-19,Não,ESJ,2019,2010,,,,,,,
19957-004650-2017-18,Não,PCTC,2017,2010,,,,,,,
RJ-2001-03809,Não,ESJ,2001,2000,,,,,,,
19957-006989-2016-60,Sim,ESJ,2016,2010,,,,,,,
19957-004522-2017-66,Não,PCTC,2017,2010,,,,,,,
19957-003798-2017-27,Não,ESJ,2017,2010,,,,,,,
IA-1996-11,Não,ESJ,1996,1990,,,,,,,
RJ-2003-12233,Não,ESJ,2003,2000,,,,,,,
19957-000457-2020-03,Não,ESJ,2020,2020,,,,,,,
19957-006244-2020-87,Não,PCTC,2020,2020,,,,,,,
19957-001292-2022-41,Não,ESJ,2022,2020,,,,,,,
RJ-2008-06023,Não,ESJ,2008,2000,,,,,,,
19957-003480-2021-22,Não,ESJ,2021,2020,,,,,,,
RJ-2006-01296,Não,PCTC,2006,2000,,,,,,,
RJ-2011-10170,Não,PCTC,2011,2010,,,,,,,
RJ-2004-05303,Não,PCTC,2004,2000,,,,,,,
19957-006209-2016-81,Não,ESJ,2016,2010,,,,,,,
RJ-2015-04018,Não,ESJ,2015,2010,,,,,,,
RJ-2016-04453,Não,ESJ,2016,2010,,,,,,,
19957-010078-2018-07,Não,PCTC,2018,2010,,,,,,,
19957-003576-2020-18,Não,PCTC,2020,2020,,,,,,,
19957-008274-2018-11,Não,ESJ,2018,2010,,,,,,,
RJ-2004-00210,Não,ESJ,2004,2000,,,,,,,
IA-2014-07,Não,PCTC,2014,2010,,,,,,,
IA-2000-37,Não,ESJ,2000,2000,,,,,,,
RJ-2008-06250,Não,ESJ,2008,2000,,,,,,,
19957-001984-2022-99,Não,PCTC,2022,2020,,,,,,,
RJ-2013-05194,Não,ESJ,2013,2010,,,,,,,
RJ-2013-05066,Não,PCTC,2013,2010,,,,,,,
SP-2004-00602,Não,ESJ,2004,2000,,,,,,,
19957-003946-2017-11,Não,PCTC,2017,2010,,,,,,,
RJ-2010-11569,Não,PCTC,2010,2010,,,,,,,
RJ-2009-02146,Não,ESJ,2009,2000,,,,,,,
SP-2010-00266,Não,ESJ,2010,2010,,,,,,,
RJ-2012-04472,Não,ESJ,2012,2010,,,,,,,
RJ-2002-01153,Não,ESJ,2002,2000,,,,,,,
IA-2007-02,Não,ESJ,2007,2000,,,,,,,
RJ-2013-03484,Não,ESJ,2013,2010,,,,,,,
IA-2000-26,Não,ESJ,2000,2000,,,,,,,
RJ-2006-00180,Não,PCTC,2006,2000,,,,,,,
IA-2011-01,Não,ESJ,2011,2010,,,,,,,
RJ-2007-03613,Não,ESJ,2007,2000,,,,,,,
19957-010490-2017-38,Não,PCTC,2017,2010,,,,,,,
IA-2005-27,Não,ESJ,2005,2000,,,,,,,
19957-002292-2018-81,Não,PCTC,2018,2010,,,,,,,
19957-010926-2022-56,Não,ESJ,2022,2020,,,,,,,
IA-2002-16,Não,ESJ,2002,2000,,,,,,,
RJ-2012-03168,Não,ESJ,2012,2010,,,,,,,
19957-011609-2017-90,Não,PCTC,2017,2010,,,,,,,
IA-2003-17,Não,PCTC,2003,2000,,,,,,,
RJ-2002-05015,Não,ESJ,2002,2000,,,,,,,
RJ-2007-03820,Não,PCTC,2007,2000,,,,,,,
19957-010573-2019-99,Não,ESJ,2019,2010,,,,,,,
SP-2004-00185,Não,ESJ,2004,2000,,,,,,,
RJ-2003-11503,Não,ESJ,2003,2000,,,,,,,
19957-008782-2016-20,Não,PCTC,2016,2010,,,,,,,
RJ-2014-10630,Não,ESJ,2014,2010,,,,,,,
IA-2003-01,Não,ESJ,2003,2000,,,,,,,
19957-003262-2015-40,Não,PCTC,2015,2010,,,,,,,
19957-006242-2017-92,Não,PCTC,2017,2010,,,,,,,
IA-2012-01,Não,PCTC,2012,2010,,,,,,,
RJ-2006-04778,Não,ESJ,2006,2000,,,,,,,
19957-001606-2020-43,Não,ESJ,2020,2020,,,,,,,
RJ-2010-04206,Não,ESJ,2010,2010,,,,,,,
19957-000592-2015-83,Não,ESJ,2015,2010,,,,,,,
IA-2008-07,Não,PCTC,2008,2000,,,,,,,
19957-010177-2022-67,Não,PCTC,2022,2020,,,,,,,
19957-006434-2018-80,Sim,ESJ,2018,2010,,,,,,,
IA-2005-21,Não,PCTC,2005,2000,,,,,,,
19957-003084-2023-67,Não,PCTC,2023,2020,,,,,,,
19957-003612-2020-35,Não,PCTC,2020,2020,,,,,,,
RJ-2014-02099,Não,ESJ,2014,2010,,,,,,,
19957-004930-2016-37,Sim,ESJ,2016,2010,,,,,,,
RJ-2013-00144,Não,PCTC,2013,2010,,,,,,,
IA-2000-21,Não,ESJ,2000,2000,,,,,,,
SP-2007-00113,Não,ESJ,2007,2000,,,,,,,
19957-007809-2018-29,Não,ESJ,2018,2010,,,,,,,
19957-005332-2018-47,Não,PCTC,2018,2010,,,,,,,
19957-005248-2021-29,Não,ESJ,2021,2020,,,,,,,
RJ-2016-09174,Não,PCTC,2016,2010,,,,,,,
19957-003922-2020-50,Não,ESJ,2020,2020,,,,,,,
SP-2004-00106,Não,ESJ,2004,2000,,,,,,,
SP-2005-00155,Não,PCTC,2005,2000,,,,,,,
RJ-2015-08673,Não,ESJ,2015,2010,,,,,,,
RJ-2015-11471,Não,ESJ,2015,2010,,,,,,,
IA-1993-09,Não,ESJ,1993,1990,,,,,,,
19957-001089-2020-11,Não,ESJ,2020,2020,,,,,,,
SP-2003-00466,Não,ESJ,2003,2000,,,,,,,
IA-2007-07,Não,ESJ,2007,2000,,,,,,,
19957-001493-2016-08,Não,PCTC,2016,2010,,,,,,,
19957-003084-2016-38,Sim,ESJ,2016,2010,,,,,,,
IA-1999-19,Não,ESJ,1999,1990,,,,,,,
19957-009217-2018-41,Não,PCTC,2018,2010,,,,,,,
IA-2006-17,Não,ESJ,2006,2000,,,,,,,
SP-2002-00487,Não,ESJ,2002,2000,,,,,,,
19957-012433-2022-51,Não,PCTC,2022,2020,,,,,,,
RJ-2010-15761,Não,PCTC,2010,2010,,,,,,,
19957-000791-2020-59,Não,PCTC,2020,2020,,,,,,,
RJ-2014-04608,Não,ESJ,2014,2010,,,,,,,
RJ-2012-09652,Não,ESJ,2012,2010,,,,,,,
RJ-2001-07749,Não,ESJ,2001,2000,,,,,,,
19957-009525-2018-77,Não,ESJ,2018,2010,,,,,,,
19957-001575-2018-14,Não,PCTC,2018,2010,,,,,,,
SP-2003-00152,Não,ESJ,2003,2000,,,,,,,
RJ-2014-12710,Não,ESJ,2014,2010,,,,,,,
RJ-2010-01737,Não,ESJ,2010,2010,,,,,,,
RJ-2002-05101,Não,ESJ,2002,2000,,,,,,,
RJ-2006-08798,Não,PCTC,2006,2000,,,,,,,
RJ-2007-03428,Não,PCTC,2007,2000,,,,,,,
RJ-2006-05863,Não,ESJ,2006,2000,,,,,,,
19957-000589-2024-51,Não,PCTC,2024,2020,,,,,,,
RJ-2005-07782,Não,PCTC,2005,2000,,,,,,,
RJ-2002-06982,Não,ESJ,2002,2000,,,,,,,
RJ-2011-14514,Não,ESJ,2011,2010,,,,,,,
RJ-2007-08556,Não,PCTC,2007,2000,,,,,,,
IA-1999-02,Não,ESJ,1999,1990,,,,,,,
RJ-2014-09994,Não,PCTC,2014,2010,,,,,,,
RJ-2011-13095,Não,ESJ,2011,2010,,,,,,,
RJ-2012-03457,Não,ESJ,2012,2010,,,,,,,
RJ-2006-01623,Não,ESJ,2006,2000,,,,,,,
RJ-2012-04136,Não,ESJ,2012,2010,,,,,,,
19957-000786-2021-27,Não,PCTC,2021,2020,,,,,,,
RJ-2011-08755,Não,PCTC,2011,2010,,,,,,,
19957-003189-2017-78,Não,PCTC,2017,2010,,,,,,,
19957-005390-2017-90,Não,ESJ,2017,2010,,,,,,,
IA-2006-22,Não,PCTC,2006,2000,,,,,,,
RJ-2008-04768,Não,ESJ,2008,2000,,,,,,,
SP-2003-00445,Não,ESJ,2003,2000,,,,,,,
19957-012414-2022-24,Não,ESJ,2022,2020,,,,,,,
IA-1999-03,Não,ESJ,1999,1990,,,,,,,
RJ-2006-03295,Não,ESJ,2006,2000,,,,,,,
19957-011588-2017-11,Não,PCTC,2017,2010,,,,,,,
RJ-2005-03182,Não,ESJ,2005,2000,,,,,,,
19957-011244-2019-65,Não,ESJ,2019,2010,,,,,,,
19957-008086-2019-66,Não,ESJ,2019,2010,,,,,,,
RJ-2014-10290,Não,ESJ,2014,2010,,,,,,,
RJ-2016-02965,Não,ESJ,2016,2010,,,,,,,
RJ-2011-08755,Não,PCTC,2011,2010,,,,,,,
19957-003454-2017-18,Não,PCTC,2017,2010,,,,,,,
RJ-2010-02419,Não,PCTC,2010,2010,,,,,,,
19957-009401-2019-72,Não,PCTC,2019,2010,,,,,,,
RJ-2005-07507,Não,ESJ,2005,2000,,,,,,,
SP-2003-00288,Não,ESJ,2003,2000,,,,,,,
19957-010842-2017-55,Não,PCTC,2017,2010,,,,,,,
IA-1994-06,Não,ESJ,1994,1990,,,,,,,
RJ-2006-01266,Não,ESJ,2006,2000,,,,,,,
RJ-2012-09808,Não,ESJ,2012,2010,,,,,,,
RJ-2006-05820,Não,PCTC,2006,2000,,,,,,,
SP-2004-00123,Não,ESJ,2004,2000,,,,,,,
RJ-2007-14515,Não,ESJ,2007,2000,,,,,,,
RJ-2007-04107,Não,ESJ,2007,2000,,,,,,,
19957-003269-2019-95,Não,ESJ,2019,2010,,,,,,,
19957-008462-2019-12,Não,ESJ,2019,2010,,,,,,,
SP-2005-00268,Não,PCTC,2005,2000,,,,,,,
RJ-2013-01402,Não,ESJ,2013,2010,,,,,,,
19957-002385-2016-44,Sim,ESJ,2016,2010,,,,,,,
IA-1998-24,Não,ESJ,1998,1990,,,,,,,
19957-006624-2021-01,Não,PCTC,2021,2020,,,,,,,
RJ-2009-09579,Não,PCTC,2009,2000,,,,,,,
RJ-2009-13169,Não,PCTC,2009,2000,,,,,,,
19957-011992-2023-24,Não,PCTC,2023,2020,,,,,,,
19957-010074-2017-30,Não,PCTC,2017,2010,,,,,,,
19957-005789-2017-71,Não,ESJ,2017,2010,,,,,,,
RJ-2005-06764,Não,ESJ,2005,2000,,,,,,,
19957-003549-2018-12,Não,ESJ,2018,2010,,,,,,,
19957-011629-2017-61,Não,ESJ,2017,2010,,,,,,,
IA-2014-01,Não,ESJ,2014,2010,,,,,,,
RJ-2013-13480,Não,ESJ,2013,2010,,,,,,,
19957-005572-2019-22,Não,PCTC,2019,2010,,,,,,,
RJ-2005-07229,Não,ESJ,2005,2000,,,,,,,
19957-004747-2021-07,Não,PCTC,2021,2020,,,,,,,
19957-008986-2020-47,Não,ESJ,2020,2020,,,,,,,
RJ-2009-02610,Não,ESJ,2009,2000,,,,,,,
19957-001413-2015-25,Não,PCTC,2015,2010,,,,,,,
IA-2008-05,Não,ESJ,2008,2000,,,,,,,
19957-009400-2019-28,Não,ESJ,2019,2010,,,,,,,
RJ-2015-12130,Não,ESJ,2015,2010,,,,,,,
RJ-2015-12090,Não,ESJ,2015,2010,,,,,,,
19957-008430-2018-36,Não,PCTC,2018,2010,,,,,,,
RJ-2008-10874,Não,ESJ,2008,2000,,,,,,,
RJ-2005-04357,Não,PCTC,2005,2000,,,,,,,
RJ-2004-05131,Não,ESJ,2004,2000,,,,,,,
IA-2005-01,Não,ESJ,2005,2000,,,,,,,
IA-2000-12,Não,ESJ,2000,2000,,,,,,,
RJ-2013-02023,Não,ESJ,2013,2010,,,,,,,
19957-014436-2022-29,Não,PCTC,2022,2020,,,,,,,
IA-2000-22,Não,ESJ,2000,2000,,,,,,,
RJ-2009-04164,Não,PCTC,2009,2000,,,,,,,
IA-1999-35,Não,ESJ,1999,1990,,,,,,,
19957-010956-2017-03,Não,ESJ,2017,2010,,,,,,,
RJ-2011-07937,Não,ESJ,2011,2010,,,,,,,
RJ-2012-05036,Não,PCTC,2012,2010,,,,,,,
RJ-2013-05582,Não,PCTC,2013,2010,,,,,,,
19957-009452-2018-13,Não,ESJ,2018,2010,,,,,,,
RJ-2012-11094,Não,PCTC,2012,2010,,,,,,,
RJ-2012-12931,Não,PCTC,2012,2010,,,,,,,
RJ-2012-00869,Não,PCTC,2012,2010,,,,,,,
RJ-2014-10082,Não,ESJ,2014,2010,,,,,,,
IA-2005-24,Não,ESJ,2005,2000,,,,,,,
19957-004679-2016-19,Sim,ESJ,2016,2010,,,,,,,
RJ-2008-10703,Não,PCTC,2008,2000,,,,,,,
RJ-2011-14167,Não,PCTC,2011,2010,,,,,,,
19957-004454-2021-11,Não,PCTC,2021,2020,,,,,,,
IA-2001-05,Não,ESJ,2001,2000,,,,,,,
RJ-2006-08572,Não,PCTC,2006,2000,,,,,,,
RJ-2009-08316,Não,ESJ,2009,2000,,,,,,,
SP-2006-00168,Não,ESJ,2006,2000,,,,,,,
RJ-2003-00823,Não,ESJ,2003,2000,,,,,,,
19957-006363-2017-34,Sim,ESJ,2017,2010,,,,,,,
RJ-2013-05634,Não,ESJ,2013,2010,,,,,,,
RJ-2006-04234,Não,PCTC,2006,2000,,,,,,,
19957-010223-2019-22,Não,ESJ,2019,2010,,,,,,,
RJ-2007-03822,Não,ESJ,2007,2000,,,,,,,
19957-008782-2016-20,Não,PCTC,2016,2010,,,,,,,
19957-010154-2021-71,Não,PCTC,2021,2020,,,,,,,
19957-001493-2016-08,Não,PCTC,2016,2010,,,,,,,
19957-011355-2017-18,Não,PCTC,2017,2010,,,,,,,
19957-004675-2018-94,Não,PCTC,2018,2010,,,,,,,
19957-000907-2024-83,Não,PCTC,2024,2020,,,,,,,
19957-003593-2018-22,Sim,ESJ,2018,2010,,,,,,,
IA-2003-28,Não,ESJ,2003,2000,,,,,,,
SP-2004-00693,Não,ESJ,2004,2000,,,,,,,
19957-005801-2019-17,Não,ESJ,2019,2010,,,,,,,
RJ-2007-13207,Não,ESJ,2007,2000,,,,,,,
RJ-2012-08371,Não,PCTC,2012,2010,,,,,,,
19957-007579-2017-17,Não,PCTC,2017,2010,,,,,,,
RJ-2003-05849,Não,ESJ,2003,2000,,,,,,,
SP-2001-00799,Não,ESJ,2001,2000,,,,,,,
IA-2009-09,Não,ESJ,2009,2000,,,,,,,
IA-2004-15,Não,ESJ,2004,2000,,,,,,,
RJ-2013-04367,Não,ESJ,2013,2010,,,,,,,
19957-007430-2019-08,Não,ESJ,2019,2010,,,,,,,
19957-009778-2018-41,Não,ESJ,2018,2010,,,,,,,
IA-2009-03,Não,ESJ,2009,2000,,,,,,,
RJ-2013-04369,Não,ESJ,2013,2010,,,,,,,
IA-2010-02,Não,ESJ,2010,2010,,,,,,,
SP-2010-00178,Não,ESJ,2010,2010,,,,,,,
RJ-2007-05041,Não,PCTC,2007,2000,,,,,,,
SP-2001-00003,Não,ESJ,2001,2000,,,,,,,
19957-006799-2019-95,Não,PCTC,2019,2010,,,,,,,
RJ-2012-01606,Não,ESJ,2012,2010,,,,,,,
19957-007755-2021-05,Não,ESJ,2021,2020,,,,,,,
19957-003514-2019-64,Não,PCTC,2019,2010,,,,,,,
RJ-2009-03952,Não,PCTC,2009,2000,,,,,,,
19957-010829-2019-68,Não,PCTC,2019,2010,,,,,,,
SP-2003-00070,Não,ESJ,2003,2000,,,,,,,
19957-010904-2018-18,Não,ESJ,2018,2010,,,,,,,
RJ-2013-01205,Não,PCTC,2013,2010,,,,,,,
IA-1999-18,Não,ESJ,1999,1990,,,,,,,
19957-009556-2018-28,Não,ESJ,2018,2010,,,,,,,
19957-002653-2016-28,Não,ESJ,2016,2010,,,,,,,
RJ-2005-05041,Não,ESJ,2005,2000,,,,,,,
00783-000207-2015-17,Não,ESJ,2015,2010,,,,,,,
RJ-2007-03167,Não,PCTC,2007,2000,,,,,,,
RJ-2017-00017,Não,ESJ,2017,2010,,,,,,,
RJ-2007-00119,Não,PCTC,2007,2000,,,,,,,
19957-005949-2016-09,Não,ESJ,2016,2010,,,,,,,
19957-011171-2017-40,Não,ESJ,2017,2010,,,,,,,
RJ-2017-01582,Não,ESJ,2017,2010,,,,,,,
19957-008514-2019-51,Não,PCTC,2019,2010,,,,,,,
19957-004737-2017-87,Não,ESJ,2017,2010,,,,,,,
19957-006438-2017-87,Sim,ESJ,2017,2010,,,,,,,
IA-2007-06,Não,ESJ,2007,2000,,,,,,,
RJ-2013-10172,Não,PCTC,2013,2010,,,,,,,
19957-007822-2016-16,Não,PCTC,2016,2010,,,,,,,
19957-004869-2021-95,Não,ESJ,2021,2020,,,,,,,
19957-003454-2017-18,Não,PCTC,2017,2010,,,,,,,
IA-2006-24,Não,ESJ,2006,2000,,,,,,,
19957-004489-2022-31,Não,PCTC,2022,2020,,,,,,,
RJ-2000-06498,Não,ESJ,2000,2000,,,,,,,
RJ-2001-04635,Não,ESJ,2001,2000,,,,,,,
RJ-2013-07880,Não,PCTC,2013,2010,,,,,,,
IA-2001-08,Não,ESJ,2001,2000,,,,,,,
RJ-2008-08572,Não,ESJ,2008,2000,,,,,,,
IA-2005-22,Não,ESJ,2005,2000,,,,,,,
19957-010256-2019-72,Não,ESJ,2019,2010,,,,,,,
RJ-2005-05442,Não,ESJ,2005,2000,,,,,,,
19957-007030-2019-94,Não,PCTC,2019,2010,,,,,,,
19957-004923-2016-35,Não,PCTC,2016,2010,,,,,,,
IA-1998-17,Não,ESJ,1998,1990,,,,,,,
RJ-2014-10384,Não,PCTC,2014,2010,,,,,,,
RJ-2009-06832,Não,PCTC,2009,2000,,,,,,,
19957-004542-2020-32,Não,PCTC,2020,2020,,,,,,,
19957-007008-2019-44,Não,PCTC,2019,2010,,,,,,,
IA-2000-17,Não,ESJ,2000,2000,,,,,,,
RJ-2007-02900,Não,PCTC,2007,2000,,,,,,,
19957-010224-2019-77,Não,PCTC,2019,2010,,,,,,,
19957-005452-2016-82,Não,ESJ,2016,2010,,,,,,,
19957-009864-2019-34,Não,ESJ,2019,2010,,,,,,,
19957-006547-2019-66,Não,ESJ,2019,2010,,,,,,,
IA-2009-06,Não,ESJ,2009,2000,,,,,,,
19957-007410-2023-13,Não,PCTC,2023,2020,,,,,,,
19957-009327-2023-71,Não,PCTC,2023,2020,,,,,,,
RJ-2005-05132,Não,ESJ,2005,2000,,,,,,,
RJ-2009-01365,Não,ESJ,2009,2000,,,,,,,
RJ-2007-11851,Não,ESJ,2007,2000,,,,,,,
19957-006958-2017-90,Não,ESJ,2017,2010,,,,,,,
RJ-2012-12201,Não,ESJ,2012,2010,,,,,,,
IA-2005-10,Não,PCTC,2005,2000,,,,,,,
IA-2008-02,Não,ESJ,2008,2000,,,,,,,
RJ-2016-04271,Não,ESJ,2016,2010,,,,,,,
IA-2003-03,Não,ESJ,2003,2000,,,,,,,
IA-2010-01,Não,ESJ,2010,2010,,,,,,,
RJ-2012-03787,Não,ESJ,2012,2010,,,,,,,
RJ-2006-06159,Não,PCTC,2006,2000,,,,,,,
19957-003408-2016-38,Sim,ESJ,2016,2010,,,,,,,
RJ-2002-04589,Não,ESJ,2002,2000,,,,,,,
IA-2012-03,Não,ESJ,2012,2010,,,,,,,
19957-003200-2017-08,Não,ESJ,2017,2010,,,,,,,
19957-005283-2018-42,Não,PCTC,2018,2010,,,,,,,
19957-010705-2019-82,Não,ESJ,2019,2010,,,,,,,
19957-010212-2017-81,Sim,ESJ,2017,2010,,,,,,,
19957-005332-2018-47,Não,PCTC,2018,2010,,,,,,,
RJ-2017-02048,Não,ESJ,2017,2010,,,,,,,
19957-009719-2017-91,Não,PCTC,2017,2010,,,,,,,
19957-008605-2020-20,Não,PCTC,2020,2020,,,,,,,
RJ-2013-04660,Não,ESJ,2013,2010,,,,,,,
IA-2003-10,Não,ESJ,2003,2000,,,,,,,
19957-004912-2019-06,Não,PCTC,2019,2010,,,,,,,
RJ-2011-12660,Não,ESJ,2011,2010,,,,,,,
RJ-2012-12961,Não,PCTC,2012,2010,,,,,,,
RJ-2009-08787,Não,PCTC,2009,2000,,,,,,,
19957-006398-2021-50,Não,PCTC,2021,2020,,,,,,,
RJ-2015-01034,Não,ESJ,2015,2010,,,,,,,
RJ-2007-10331,Não,PCTC,2007,2000,,,,,,,
RJ-2015-03103,Não,ESJ,2015,2010,,,,,,,
RJ-2010-09547,Não,PCTC,2010,2010,,,,,,,
19957-009216-2017-16,Não,PCTC,2017,2010,,,,,,,
19957-005866-2018-73,Não,ESJ,2018,2010,,,,,,,
RJ-2006-01559,Não,ESJ,2006,2000,,,,,,,
RJ-2005-03750,Não,ESJ,2005,2000,,,,,,,
RJ-2002-06032,Não,ESJ,2002,2000,,,,,,,
IA-2005-18,Não,PCTC,2005,2000,,,,,,,
19957-000194-2019-91,Não,ESJ,2019,2010,,,,,,,
RJ-2016-08116,Não,ESJ,2016,2010,,,,,,,
IA-2005-23,Não,PCTC,2005,2000,,,,,,,
RJ-2015-05002,Não,ESJ,2015,2010,,,,,,,
19957-010637-2019-51,Não,ESJ,2019,2010,,,,,,,
IA-2008-10,Não,PCTC,2008,2000,,,,,,,
19957-008316-2023-73,Não,PCTC,2023,2020,,,,,,,
19957-003594-2021-72,Não,ESJ,2021,2020,,,,,,,
RJ-2009-01504,Não,ESJ,2009,2000,,,,,,,
RJ-2002-00444,Não,ESJ,2002,2000,,,,,,,
RJ-2004-03456,Não,ESJ,2004,2000,,,,,,,
SP-2001-00395,Não,ESJ,2001,2000,,,,,,,
SP-2004-00543,Não,ESJ,2004,2000,,,,,,,
IA-2010-15,Não,ESJ,2010,2010,,,,,,,
RJ-2008-08976,Não,ESJ,2008,2000,,,,,,,
RJ-2008-11749,Não,PCTC,2008,2000,,,,,,,
RJ-2002-02047,Não,ESJ,2002,2000,,,,,,,
RJ-2014-07072,Não,ESJ,2014,2010,,,,,,,
19957-000754-2019-15,Não,PCTC,2019,2010,,,,,,,
19957-004923-2016-35,Não,PCTC,2016,2010,,,,,,,
RJ-2006-09070,Não,ESJ,2006,2000,,,,,,,
19957-002010-2021-41,Não,PCTC,2021,2020,,,,,,,
IA-2004-04,Não,ESJ,2004,2000,,,,,,,
RJ-2009-08196,Não,PCTC,2009,2000,,,,,,,
RJ-2009-05519,Não,PCTC,2009,2000,,,,,,,
19957-002134-2020-46,Não,PCTC,2020,2020,,,,,,,
RJ-2014-09399,Não,ESJ,2014,2010,,,,,,,
19957-008814-2021-54,Não,PCTC,2021,2020,,,,,,,
SP-2011-00173,Não,PCTC,2011,2010,,,,,,,
RJ-2006-08625,Não,PCTC,2006,2000,,,,,,,
IA-1999-14,Não,ESJ,1999,1990,,,,,,,
RJ-2006-01853,Não,ESJ,2006,2000,,,,,,,
RJ-2003-05627,Não,ESJ,2003,2000,,,,,,,
RJ-2008-09574,Não,ESJ,2008,2000,,,,,,,
19957-010829-2022-63,Não,ESJ,2022,2020,,,,,,,
19957-010277-2017-26,Não,PCTC,2017,2010,,,,,,,
19957-001493-2016-08,Não,PCTC,2016,2010,,,,,,,
RJ-2002-01415,Não,ESJ,2002,2000,,,,,,,
RJ-2005-08578,Não,ESJ,2005,2000,,,,,,,
RJ-2005-03751,Não,ESJ,2005,2000,,,,,,,
RJ-2013-04408,Não,PCTC,2013,2010,,,,,,,
19957-008559-2016-82,Não,PCTC,2016,2010,,,,,,,
RJ-2007-05035,Não,PCTC,2007,2000,,,,,,,
19957-008984-2016-71,Sim,ESJ,2016,2010,,,,,,,
RJ-2014-04395,Não,ESJ,2014,2010,,,,,,,
RJ-2010-00963,Não,PCTC,2010,2010,,,,,,,
SP-2013-00012,Não,PCTC,2013,2010,,,,,,,
IA-1998-33,Não,ESJ,1998,1990,,,,,,,
RJ-2012-08093,Não,PCTC,2012,2010,,,,,,,
RJ-2015-03440,Não,PCTC,2015,2010,,,,,,,
19957-005452-2019-25,Não,ESJ,2019,2010,,,,,,,
RJ-2013-01859,Não,PCTC,2013,2010,,,,,,,
19957-006910-2019-43,Não,PCTC,2019,2010,,,,,,,
19957-014735-2022-63,Não,PCTC,2022,2020,,,,,,,
RJ-2006-04849,Não,ESJ,2006,2000,,,,,,,
19957-005450-2021-51,Não,PCTC,2021,2020,,,,,,,
19957-004091-2019-08,Sim,ESJ,2019,2010,,,,,,,
RJ-2013-10321,Não,ESJ,2013,2010,,,,,,,
IA-1994-22,Não,ESJ,1994,1990,,,,,,,
RJ-2016-07808,Sim,ESJ,2016,2010,,,,,,,
IA-2001-18,Não,ESJ,2001,2000,,,,,,,
RJ-2014-05807,Não,ESJ,2014,2010,,,,,,,
19957-002835-2022-47,Não,ESJ,2022,2020,,,,,,,
IA-2000-13,Não,ESJ,2000,2000,,,,,,,
IA-1996-03,Não,ESJ,1996,1990,,,,,,,
SP-2010-00049,Não,ESJ,2010,2010,,,,,,,
RJ-2001-11808,Não,ESJ,2001,2000,,,,,,,
RJ-2006-09068,Não,ESJ,2006,2000,,,,,,,
19957-010153-2021-27,Não,PCTC,2021,2020,,,,,,,
19957-009725-2018-20,Não,ESJ,2018,2010,,,,,,,
19957-014625-2023-82,Não,PCTC,2023,2020,,,,,,,
